"valuation","reserve","reserve_auto","paid_in_year","cdr","cdr_auto_chain"
2007,365389.2,365389.230571187,NA,NA,NA
2008,220578.134865207,220578.134865207,154868,-10056.9348652066,-10056.9042940194
2009,121506.02083054,121506.02083054,110032,-10959.8859653336,-10959.8859653336
2010,73250.0138044904,73250.0138044904,67563,-19306.9929739501,-19306.9929739501
2011,37762.5800142308,37762.5800142308,33326,2161.43379025956,2161.43379025956
2012,25379.7438995052,25379.7438995052,18956,-6573.16388527444,-6573.16388527444
2013,16401.4759782307,16401.4759782307,10746,-1767.7320787255,-1767.7320787255
2014,10645.8735056665,10645.8735056665,5028,727.602472564206,727.602472564206
2015,7315.63329770946,7315.63329770946,412,2918.24020795707,2918.24020795707
