"ay","lag","pct_dev","unpaid_sel","unpaid_cl","pred_to120_sel","pred_to120_cl","actual_to120","booked_unpaid","proxy_unpaid","pred_next","actual_next"
1998,10,0.997661543139504,370.3,370.323461744003,0,0,0,454,454,NA,NA
1999,9,0.995306184921425,710.6,747.086790546164,356.579354266951,374.888439845438,456,917,745,356.579354266951,456
2000,8,0.988749250024751,5105.8,1942.70872415628,4044.56469883441,1538.91870536212,1846,4777,2195,2975.65924663583,1040
2001,7,0.979375527289643,2548.7,3156.6929626744,2259.72170300071,2798.77882742709,2093,1828,2401,1158.37177854108,959
2002,6,0.96565159376872,6515,6181.67138193789,6071.4555064491,5760.82006921268,7433,5169,8621,2603.07352506486,2524
2003,5,0.937037319214231,13786.5,11646.6913318145,13274.4643765975,11214.12898048,17470,10608,18650,6265.46854775317,8187
2004,4,0.873287441837368,23653.9,23096.318467855,23217.3716437379,22670.0801757976,26625,18289,27609,11900.4244437177,12306
2005,3,0.757438901777307,57254.9,53576.541632114,56702.9231385697,53060.0266910969,64439,39548,65288,27345.2611522858,29104
2006,2,0.583868414470664,93663.2,89876.1710019317,93136.8584286496,89371.11068932,112022,64479,113454,39067.3715527259,44722
2007,1,0.328366861039057,161780.3,152879.456774799,161217.02187913,152347.169140693,169337,107016,172299,61544.1906701914,55570
