"grcode","actual","bootstrap_ok","phi","p_custom","mean_custom","p_package","p_mack"
620,185421,TRUE,384.490622046088,0.259,197452.002825288,0.9165,0.924944255589512
671,9746,TRUE,236.87083343666,0.1155,12937.4207684046,0.4615,0.479073945227185
965,21513,TRUE,142.104922493509,0.01,29298.5103481908,0.2105,0.219682995937766
1538,28661,TRUE,245.898436834174,0.83,24704.6321472206,0.878,0.935316481412535
1716,419,TRUE,21.7868543084881,0.681,368.370608972725,0.767,0.750356257386646
1767,401721,TRUE,297.247938371439,0.9855,348191.298041728,1,0.999302288649208
2135,245354,TRUE,377.486005580876,0.0255,294051.011931865,0.2035,0.184976240786423
2712,77924,TRUE,340.754162170898,0.287,83657.5523279365,0.6875,0.717857334572384
3240,15161,TRUE,138.695833703193,0.352,16060.8692002302,0.4375,0.454345952627822
4839,15351,TRUE,137.178017454496,0.0755,18788.4589782785,0.2345,0.20455939167769
5185,14895,TRUE,133.041637120041,0.906,12168.3726572895,0.9455,0.934002003261193
6408,5684,TRUE,75.8496538056485,0.567,5577.24050941916,0.62275,0.650580004266253
6459,4143,TRUE,45.171255008731,0.95,3005.81330185751,0.9905,0.99364310235674
6947,2810,TRUE,95.5508324597264,0.4135,3068.35277532797,0.2485,0.292091786006293
7080,92742,TRUE,202.71758846068,0.9925,72172.4046191268,0.997,0.998513785791981
10022,1624,TRUE,35.4680286117017,0.2935,1876.56108038346,0.2895,0.32024903171666
10308,420,TRUE,77.380620065509,0.0975,1206.82536240496,0.17825,0.201594000645062
10894,443,TRUE,17.595787969316,0.394,506.715701742809,0.4535,0.461523237366244
11118,14022,TRUE,215.299937743378,0.3385,15483.5152646209,0.492,0.535187973911268
11126,14028,TRUE,202.038213348998,0.0755,18010.9746206468,0.6135,0.644629352786119
12866,6628,TRUE,155.606590046017,0.0865,9439.9462257884,0.164,0.150241474339656
13501,3077,TRUE,68.5431482560471,0.665,2834.28282115313,0.7525,0.747583468820425
13528,5888,TRUE,189.935513261435,0.1335,8007.93919923,0.34475,0.3712823653494
14044,1124,TRUE,23.2984154552264,0.999,439.568558130812,0.995,0.99274156388773
14257,1558,TRUE,83.2449052683326,0.2065,2099.75312696015,0.29725,0.36392374877468
14370,307,TRUE,28.7209893773148,0.0355,617.874593073004,0.0685,0.0511808898729715
15024,3593,TRUE,47.0151994489821,0.047,4949.81921311986,0.1045,0.119017845372278
15199,480,TRUE,11.2911099016322,1,86.915786728524,1,0.998611095402321
18163,3744,TRUE,82.6360871843449,0.8595,2992.37244104771,0.82925,0.815109058461094
18380,251,TRUE,10.1101437992541,0.938,154.84325550444,0.98075,0.932207827034658
18686,359,TRUE,20.3829649680129,0.642,327.84300512185,0.763,0.801709514419091
18767,29547,TRUE,296.57612856193,0.8845,24317.7501656043,0.979,0.979584895825041
19020,7538,TRUE,166.583124942873,0.5305,7553.44715902496,0.9405,0.934538377070508
21172,42236,TRUE,149.87229409493,0.095,49455.4954156598,0.7365,0.767477396493085
21270,1875,TRUE,44.2093832072234,0.3195,2098.75349508222,0.581,0.646226501502962
23574,1677,TRUE,21.9744750779092,0.981,1122.7928010191,0.981,0.984388667431148
26797,4254,TRUE,161.766436222436,0.1315,6125.69548517587,0.3545,0.412374501743601
27022,524,TRUE,33.107785893814,0.792,390.903348298531,0.84825,0.874124186065133
28436,573,TRUE,45.3189011611825,0.496,614.48415408098,0.533,0.583575879549398
32514,1,TRUE,9.21084766667904,0.7045,4.34427365090551,0.704,0.739068043367235
32670,44,TRUE,31.5532096629705,0.057,194.52147308783,0.0995,0.0754682601402703
38466,425,TRUE,14.8613179566263,0.9995,94.233178406051,0.9985,0.977096059226972
40568,11489,TRUE,74.9294948850753,0.1145,13598.754534486,0.18925,0.183205174778241
41300,2246,TRUE,37.0478431148264,0.752,1993.74394393539,0.7085,0.713316321789901
44415,130,TRUE,8.96570186829217,0.909,75.1974282957624,0.92475,0.936549634008976
