"ay","ult_cl_paid","ult_cl_inc","ult_cl_paid_l5","ult_cl_inc_l5","gap"
1998,157992,158353,157992,158353,-0.00227971683517203
1999,158791.888439845,159118.183621261,158791.888439845,159118.183621261,-0.00205064672050681
2000,172269.918705362,175826.440312951,172269.918705362,175826.440312951,-0.0202274561280951
2001,152697.778827427,152438.708027963,152697.778827427,152438.708027963,0.00169950797153495
2002,179548.820069213,180292.392257891,179548.820069213,180292.392257891,-0.00412425715453735
2003,184545.12898048,187106.528341609,184545.12898048,187106.528341609,-0.0136895242717135
2004,181687.807431546,182914.966690211,181847.080175798,182820.147508335,-0.00670890567825144
2005,219014.137007607,223176.575689871,220362.026691097,224543.677275205,-0.0186508761925271
2006,214817.627769992,216514.787529973,215475.11068932,218907.576114423,-0.00783853971057447
2007,226022.782898261,222996.514457446,227091.169140693,227519.673101901,0.0135709226136473
