"period","vw_all","simple","vw_latest5","vw_latest3","medial_excl_hilo","n"
"1-2",1.34698069001566,1.3477306142556,1.35928029446076,1.37704388640564,1.35458877112009,9
"2-3",1.18131335320264,1.17889062367812,1.18709676429713,1.21168035656808,1.16926511404578,8
"3-4",1.09608132741481,1.09506925050503,1.1033674999352,1.11223978259149,1.09422955049226,7
"4-5",1.0421432272375,1.04207355464136,1.04160300261842,1.0446015335375,1.04159277452523,6
"5-6",1.02042569918836,1.02034080144714,1.02042569918836,1.02320392590329,1.02165130169594,5
"6-7",1.00950339734214,1.00934570891748,1.00950339734214,1.00970053594468,1.00862560284804,4
"7-8",1.00619120860666,1.00631859421236,1.00619120860666,1.00619120860666,1.00631859421236,3
"8-9",1.00383322316507,1.00383685507023,1.00383322316507,1.00383322316507,1.00383685507023,2
"9-10",1.00024002779269,1.00024002779269,1.00024002779269,1.00024002779269,1.00024002779269,1
