"item","excel","r","rel_diff"
"LDF 1",1.77809786475748,1.77809786475748,6.66133814775094e-16
"LDF 2",1.29727672024184,1.29727672024184,2.66453525910038e-15
"LDF 3",1.15294770282887,1.15294770282887,-2.88657986402541e-15
"LDF 4",1.07299987876012,1.07299987876012,-2.22044604925031e-16
"LDF 5",1.03053696364888,1.03053696364888,6.66133814775094e-16
"LDF 6",1.01421209638081,1.01421209638081,4.44089209850063e-16
"LDF 7",1.00957112208128,1.00957112208128,3.5527136788005e-15
"LDF 8",1.00663154474859,1.00663154474859,-3.77475828372553e-15
"LDF 9",1.00236646597174,1.00236646597174,-1.99840144432528e-15
"CDF lag 1",3.04537448947285,3.04537448947285,-1.33226762955019e-15
"CDF lag 2",1.71271477787204,1.71271477787204,0
"CDF lag 3",1.32023858221456,1.32023858221456,-1.99840144432528e-15
"CDF lag 4",1.14509841077373,1.14509841077373,2.22044604925031e-15
"CDF lag 5",1.0671934204661,1.0671934204661,-3.5527136788005e-15
"CDF lag 6",1.03557024940419,1.03557024940419,2.88657986402541e-15
"CDF lag 7",1.0210588624407,1.0210588624407,-2.22044604925031e-16
"CDF lag 8",1.01137883216761,1.01137883216761,4.66293670342566e-15
"CDF lag 9",1.00471601296798,1.00471601296798,4.44089209850063e-16
"CDF lag 10",1.002344,1.002344,0
"CL 1998",158362.333248,158362.333248,2.22044604925031e-16
"CL 1999",159164.096626348,159164.096626348,-2.55351295663786e-15
"CL 2000",172673.719394807,172673.719394807,-2.55351295663786e-15
"CL 2001",153055.702420999,153055.702420999,3.33066907387547e-15
"CL 2002",179969.682503455,179969.682503455,6.66133814775094e-16
"CL 2003",184977.70276281,184977.70276281,-1.22124532708767e-15
"CL 2004",182273.32973173,182273.32973173,1.99840144432528e-15
"CL 2005",220878.555281661,220878.555281661,1.11022302462516e-15
"CL 2006",215980.184348776,215980.184348776,1.33226762955019e-15
"CL 2007",227623.470841159,227623.470841159,0
"ELR_loo 1998",0.666768119003161,0.666768119003161,-1.11022302462516e-16
"ELR_loo 1999",0.662007407738308,0.662007407738308,6.66133814775094e-16
"ELR_loo 2000",0.652555460464125,0.652555460464125,-3.33066907387547e-16
"ELR_loo 2001",0.665628233924064,0.665628233924064,6.66133814775094e-16
"ELR_loo 2002",0.660944270610142,0.660944270610142,4.44089209850063e-16
"ELR_loo 2003",0.665565174709026,0.665565174709026,-6.66133814775094e-16
"ELR_loo 2004",0.672474848822026,0.672474848822026,2.22044604925031e-16
"ELR_loo 2005",0.662220353661775,0.662220353661775,4.44089209850063e-16
"ELR_loo 2006",0.670198527606827,0.670198527606827,6.66133814775094e-16
"ELR_loo 2007",0.667433118286347,0.667433118286347,0
"BF 1998",158373.975609037,158373.975609037,-1.88737914186277e-15
"BF 1999",159136.458153984,159136.458153984,-2.88657986402541e-15
"BF 2000",172362.423876199,172362.423876199,-9.99200722162641e-16
"BF 2001",153105.704600662,153105.704600662,1.77635683940025e-15
"BF 2002",179675.214709166,179675.214709166,2.66453525910038e-15
"BF 2003",185127.610156349,185127.610156349,1.11022302462516e-15
"BF 2004",184877.247554366,184877.247554366,1.99840144432528e-15
"BF 2005",219156.872809353,219156.872809353,1.55431223447522e-15
"BF 2006",225080.671608543,225080.671608543,6.66133814775094e-16
"BF 2007",240876.079134922,240876.079134922,2.22044604925031e-16
"CC 1998",158372.724513559,158372.724513559,-5.55111512312578e-16
"CC 1999",159139.258604657,159139.258604657,1.99840144432528e-15
"CC 2000",172392.496460829,172392.496460829,-2.22044604925031e-15
"CC 2001",153100.675070218,153100.675070218,2.22044604925031e-15
"CC 2002",179707.636882164,179707.636882164,-1.77635683940025e-15
"CC 2003",185110.223777662,185110.223777662,1.55431223447522e-15
"CC 2004",184575.688708754,184575.688708754,4.44089209850063e-16
"CC 2005",219341.975463179,219341.975463179,1.77635683940025e-15
"CC 2006",224251.538130431,224251.538130431,-6.66133814775094e-16
"CC 2007",240166.957938077,240166.957938077,-4.44089209850063e-16
"BK 1998",158362.360473877,158362.360473877,1.33226762955019e-15
"BK 1999",159163.96689477,159163.96689477,-7.7715611723761e-16
"BK 2000",172670.217067739,172670.217067739,2.44249065417534e-15
"BK 2001",153056.733692615,153056.733692615,1.99840144432528e-15
"BK 2002",179959.567986463,179959.567986463,2.66453525910038e-15
"BK 2003",184987.141342858,184987.141342858,2.66453525910038e-15
"BK 2004",182603.278960805,182603.278960805,1.99840144432528e-15
"BK 2005",220460.9420098,220460.9420098,6.66133814775094e-16
"BK 2006",219767.184869628,219767.184869628,1.33226762955019e-15
"BK 2007",236524.36201784,236524.36201784,-1.11022302462516e-15
"ELR Cape Cod",0.664584234590208,0.664584234590208,-3.33066907387547e-16
"Mack total SE (paid, no tail)",18991.5947927933,18991.5947927935,-1.29896093881143e-14
