"valuation","variant","ay","pct_dev","method","expected","actual","ae"
2004,"rule",1998,0.990841375972967,"CL",1303.40890942555,3810,2.92310415591618
2004,"rule",1999,0.97931234256767,"CL",2968.31002608799,4686,1.57867606780138
2004,"rule",2000,0.954285603110443,"CL",7074.42924496392,8736,1.23486993755983
2004,"rule",2001,0.894317645731372,"CL",14465.1063969445,15876,1.09753772729619
2004,"rule",2002,0.791891449198208,"CL",31971.2397531859,38703,1.21055674721351
2004,"rule",2003,0.614722367011063,"BK",61100.9925523921,65310,1.06888607323357
2004,"rule",2004,0.346638080346842,"BK",103229.736492937,102243,0.990441354144071
2004,"cl",1998,0.990841375972967,"CL",1303.40890942555,3810,2.92310415591618
2004,"cl",1999,0.97931234256767,"CL",2968.31002608799,4686,1.57867606780138
2004,"cl",2000,0.954285603110443,"CL",7074.42924496392,8736,1.23486993755983
2004,"cl",2001,0.894317645731372,"CL",14465.1063969445,15876,1.09753772729619
2004,"cl",2002,0.791891449198208,"CL",31971.2397531859,38703,1.21055674721351
2004,"cl",2003,0.614722367011063,"CL",59669.148700475,65310,1.09453547473655
2004,"cl",2004,0.346638080346842,"CL",89954.3072255735,102243,1.13661038757834
2005,"rule",1998,0.992138704347972,"CL",941.494217765577,1797,1.90866812147266
2005,"rule",1999,0.97935228217151,"CL",2672.48334402728,2622,0.981109949987116
2005,"rule",2000,0.967163180707151,"CL",4316.36965127984,3582,0.829864049974939
2005,"rule",2001,0.940643583785245,"CL",5874.84068809817,7137,1.21484145339615
2005,"rule",2002,0.881895182003498,"CL",15123.0423812235,17376,1.14897515737797
2005,"rule",2003,0.776721568830279,"CL",28856.8177997255,36597,1.26822715706193
2005,"rule",2004,0.607203955712765,"BK",50540.3724188228,54632,1.08095760647093
2005,"rule",2005,0.338313350975942,"BK",90562.8225564712,102623,1.13316918690347
2005,"cl",1998,0.992138704347972,"CL",941.494217765577,1797,1.90866812147266
2005,"cl",1999,0.97935228217151,"CL",2672.48334402728,2622,0.981109949987116
2005,"cl",2000,0.967163180707151,"CL",4316.36965127984,3582,0.829864049974939
2005,"cl",2001,0.940643583785245,"CL",5874.84068809817,7137,1.21484145339615
2005,"cl",2002,0.881895182003498,"CL",15123.0423812235,17376,1.14897515737797
2005,"cl",2003,0.776721568830279,"CL",28856.8177997255,36597,1.26822715706193
2005,"cl",2004,0.607203955712765,"CL",47294.8075887527,54632,1.15513737734271
2005,"cl",2005,0.338313350975942,"CL",83815.2116693054,102623,1.22439588179889
2006,"rule",1998,0.993554237369416,"CL",486.460787318551,373,0.76676272728175
2006,"rule",1999,0.984578027432707,"CL",1438.25868945865,658,0.457497670497415
2006,"rule",2000,0.972105923828039,"CL",2182.54709542967,618,0.283155401912798
2006,"rule",2001,0.958292458410399,"CL",2131.82815233651,2006,0.940976409285804
2006,"rule",2002,0.930356448524242,"CL",5054.78079041147,5448,1.07779154544831
2006,"rule",2003,0.870544864811122,"CL",10953.2347890901,13909,1.26985317742426
2006,"rule",2004,0.762117565482378,"CL",19162.066754684,24490,1.27804585557107
2006,"rule",2005,0.598156155593296,"BK",33882.3996221183,47676,1.40710222805109
2006,"rule",2006,0.333617384108293,"BK",61686.2111670475,50817,0.823798366581253
2006,"cl",1998,0.993554237369416,"CL",486.460787318551,373,0.76676272728175
2006,"cl",1999,0.984578027432707,"CL",1438.25868945865,658,0.457497670497415
2006,"cl",2000,0.972105923828039,"CL",2182.54709542967,618,0.283155401912798
2006,"cl",2001,0.958292458410399,"CL",2131.82815233651,2006,0.940976409285804
2006,"cl",2002,0.930356448524242,"CL",5054.78079041147,5448,1.07779154544831
2006,"cl",2003,0.870544864811122,"CL",10953.2347890901,13909,1.26985317742426
2006,"cl",2004,0.762117565482378,"CL",19162.066754684,24490,1.27804585557107
2006,"cl",2005,0.598156155593296,"CL",32790.8480686563,47676,1.45394226767718
2006,"cl",2006,0.333617384108293,"CL",59698.1195749876,50817,0.851232842203146
