"valuation","variant","cy","expected","actual","ae"
2004,"rule_latest5",2005,115723.778267624,115621,0.999111865606508
2004,"rule_latest5",2006,68917.0776829743,76241,1.10627151590374
2004,"rule_latest5",2007,37472.3674253381,47502,1.26765409457103
2004,"rule_all",2005,115702.649881904,115621,0.99929431277514
2004,"rule_all",2006,68913.8502791911,76241,1.10632332529853
2004,"rule_all",2007,37470.5004068852,47502,1.26771725715388
2004,"cl_latest5",2005,108478.500648782,115621,1.06584253385233
2004,"cl_latest5",2006,64190.7009251685,76241,1.18772655386454
2004,"cl_latest5",2007,34736.7486827056,47502,1.36748549594827
2004,"cl_all",2005,108453.454305701,115621,1.0660886805329
2004,"cl_all",2006,64183.4823207156,76241,1.18786013540111
2004,"cl_all",2007,34732.5754139317,47502,1.36764980523
2005,"rule_latest5",2006,124466.395628781,131188,1.05400336642885
2005,"rule_latest5",2007,74421.8474286326,95178,1.27889864721877
2005,"rule_all",2006,124221.565124447,131188,1.05608072051397
2005,"rule_all",2007,74930.5994462912,95178,1.27021538201121
2005,"cl_latest5",2006,118324.952493806,131188,1.10870950915334
2005,"cl_latest5",2007,70570.1148463718,95178,1.34870122015811
2005,"cl_all",2006,118023.604733538,131188,1.11154035920343
2005,"cl_all",2007,70988.1179139797,95178,1.34075959184229
2006,"rule_latest5",2007,136977.787847895,145995,1.06582973994381
2006,"rule_all",2007,137669.905050796,145995,1.06047142217562
2006,"cl_latest5",2007,133898.144702373,145995,1.09034371106871
2006,"cl_all",2007,134872.249931112,145995,1.08246878119531
