"basis","ay","reserve","mack_se","process_se","parameter_se","cv"
"paid",1998,370.323461744003,343.57333841906,276.257172300887,204.266036395521,0.927765518287809
"paid",1999,747.086790546164,609.63607886391,450.31880393331,410.936885028148,0.81601774596795
"paid",2000,1942.70872415628,964.148408987304,742.218929405934,615.380545178558,0.496290770200784
"paid",2001,3156.6929626744,1312.27613494271,1096.25240256473,721.317769232972,0.415712313633102
"paid",2002,6181.67138193792,1541.04971611838,1265.89001495868,878.838265880847,0.249293374057562
"paid",2003,11646.6913318146,1769.26481283055,1480.51653736934,968.6943586582,0.151911367994921
"paid",2004,22936.6723981563,2347.56046532899,2056.12657403266,1132.86523908733,0.102349653191964
"paid",2005,52225.4925786965,4932.49938280502,4445.24725743711,2137.59841448755,0.094446201256454
"paid",2006,89217.1469833665,9206.39820808954,8501.91042996496,3532.03723179234,0.103190905777406
"paid",2007,151808.566301192,12491.4146977089,11581.3991371472,4680.45245422118,0.0822839909634985
"paid",NA,340233.052914285,19208.6083198414,15369.6238297615,11521.5145235644,0.0564572082439051
"incurred",1998,9.323461744003,32.7449218019104,22.3758569255947,23.9071313766111,3.51209912165645
"incurred",1999,47.5521352634532,161.775191789763,114.098088405251,114.685826939871,3.4020594636493
"incurred",2000,723.792570817401,354.213127489906,274.842258771901,223.447247643241,0.489384862143421
"incurred",2001,1561.68326974954,641.402452701432,548.697715819497,332.156473647405,0.410712252046024
"incurred",2002,3527.00746077287,986.853277343402,847.579497556832,505.458590118638,0.279799033123438
"incurred",2003,7332.54474520707,1319.9811621817,1154.9507523036,639.092347214329,0.180016789266034
"incurred",2004,14275.7363042652,1572.5948072106,1401.29385266212,713.743627752366,0.110158577721889
"incurred",2005,35455.7158151963,4381.00790701698,3989.07076126448,1811.2274133775,0.12356281085543
"incurred",2006,62351.5354244776,8861.57038090404,8215.69442203302,3321.11348488596,0.142122729144938
"incurred",2007,105122.643981178,13971.7127262054,13032.0002786011,5037.43240571519,0.132908688338423
"incurred",NA,230407.535168671,18639.5304385588,16051.4611436404,9475.37282243615,0.0808980940007607
