"assumption","scenario","unpaid","base","change","change_pct"
"ELR prior","-5 points",353957.585314823,365389.230571187,-11431.6452563638,-0.0312862128927377
"ELR prior","+5 points",376820.875827551,365389.230571187,11431.6452563638,0.0312862128927379
"Tail","(tail-1) x 0.5",363172.147315946,365389.230571187,-2217.08325524163,-0.0060677301620954
"Tail","(tail-1) x 1.5",367606.340027848,365389.230571187,2217.10945666069,0.00606780187033657
"LDF window","all years",362739.647952978,365389.230571187,-2649.58261820895,-0.00725139767821576
"Base triangle","incurred instead of paid",360154.354844311,365389.230571187,-5234.87572687626,-0.0143268473421971
"Calendar inflation","+2% a year",382130.007147248,365389.230571187,16740.7765760608,0.0458162835009974
"Selection thresholds","-10 points",365389.230571187,365389.230571187,0,0
"Selection thresholds","+10 points",369740.947556791,365389.230571187,4351.71698560391,0.0119098118431164
