"ay","prem_net","paid","case_inc","lag","cdf_paid","pct_dev","cdf_inc","pct_dev_inc","ult_cl_paid","ult_cl_inc","elr_loo","elr_cc","ult_bf_paid","ult_bf_inc","ult_cc","ult_bk","peer_median_ulr","peer_flag"
1998,244974,157992,158353,10,1.002344,0.997661481487394,1.00005893950857,0.999941063965095,158362.333248,158362.333248,0.666768119003161,0.664584234590208,158373.975609037,158362.626662225,158372.724513559,158362.360473877,0.589784156401853,FALSE
1999,231532,158417,159080,9,1.00471601296798,0.995306123414866,1.00029898144838,0.99970110791481,159164.096626348,159127.561968808,0.662007407738308,0.664584234590208,159136.458153984,159125.8129531,159139.258604657,159163.96689477,0.579558652729384,FALSE
2000,222211,170731,175113,8,1.01137883216761,0.988749188923385,1.00413335067606,0.995883663585843,172673.719394807,175836.803436936,0.652555460464125,0.664584234590208,172362.423876199,175709.889367601,172392.496460829,172670.217067739,0.583779771121769,FALSE
2001,233584,149899,150886,7,1.0210588624407,0.979375466767546,1.010350149719,0.98975587847255,153055.702420999,152447.692690501,0.665628233924064,0.664584234590208,153105.704600662,152478.757094746,153100.675070218,153056.733692615,0.569667060877376,FALSE
2002,259321,173788,176776,6,1.03557024940419,0.965651534094715,1.01995190864647,0.980438382949888,179969.682503455,180303.018602889,0.660944270610142,0.664584234590208,179675.214709166,180128.79718023,179707.636882164,179959.567986463,0.525455609649594,TRUE
2003,281503,173331,179785,5,1.0671934204661,0.937037261308492,1.04078513951908,0.960813103521127,184977.70276281,187117.556308439,0.665565174709026,0.664584234590208,185127.610156349,187127.001803057,185110.223777662,184987.141342858,0.52783846576459,TRUE
2004,301607,159177,168650,4,1.14509841077373,0.873287387871156,1.0840849264037,0.922436956408347,182273.32973173,182830.922837985,0.672474848822026,0.664584234590208,184877.247554366,184381.578632035,184575.688708754,182603.278960805,0.460556242925233,TRUE
2005,322824,167302,187734,3,1.32023858221456,0.75743885497014,1.19614407496349,0.83601969104811,220878.555281661,224556.911769195,0.662220353661775,0.664584234590208,219156.872809353,222789.812681342,219341.975463179,220460.9420098,0.479035020499939,TRUE
2006,354894,126104,154176,2,1.71271477787204,0.58386837838957,1.41993876102234,0.704255723873621,215980.184348776,218920.47841938,0.670198527606827,0.664584234590208,225080.671608543,224518.609352745,224251.538130431,219767.184869628,0.43949936269295,TRUE
2007,370607,74744,117887,1,3.04537448947285,0.328366840747096,1.93009477719869,0.518109272049004,227623.470841159,227533.082999622,0.667433118286347,0.664584234590208,240876.079134922,237085.266862512,240166.957938077,236524.36201784,0.43797750800333,TRUE
