"grcode","cdr_actual","cdr_sim_mean","cdr_sim_sd","p"
620,6849.57829956614,8605.0191157011,13548.7528739172,0.4345
671,2200.54067017667,805.150035151248,2348.16461469491,0.7045
965,1178.33861320925,1818.35859447935,2837.62944537571,0.4105
1538,-1466.11695261194,609.529726341934,3315.71394640394,0.261
1716,-198.825781493617,-52.7699888035082,114.892156349117,0.11
1767,-14644.2163884749,-59.56708284895,16339.0463802173,0.1765
2135,11146.7655661828,4622.01663471345,17116.2234806876,0.636
2712,6047.64264563304,550.118125680176,7481.96178615659,0.763
3240,1161.16775217426,558.51584967504,1939.73843288815,0.6025
4839,455.776184176702,696.527039908095,1991.78460155409,0.44
5185,542.823033547495,774.913436172712,1567.83524510961,0.408
6408,-1892.1688796358,-201.487544182493,817.621125148701,0.0275
6459,-383.247407420607,100.658953233833,517.683090017967,0.167
6947,27.636467665402,-54.4097434225099,757.733181775039,0.4945
7080,-6770.2704334801,480.780537338957,5475.28485982433,0.099
10022,-524.68244684932,-92.6327512843637,364.40095764533,0.125
10308,744.533263468181,-142.490117939796,881.514545038026,0.9485
10894,97.8390550576532,-4.15254058887287,149.583875041855,0.7325
11118,2025.09219138849,-261.329320568098,2618.79377188057,0.7985
11126,3419.83392256009,471.307888610458,2320.03175603706,0.908
12866,806.139812754051,-385.69443213026,1643.81101155394,0.7655
13501,-347.786656980955,-52.7378173077495,546.02497350987,0.278
13528,2186.97066482826,247.068890098068,1538.94429675962,0.9165
14044,-558.838246898376,-38.0008162851463,143.750777737356,0.004
14257,39.6686522803443,282.457141213353,564.809868963816,0.29
14370,105.164431880186,-12.6579720239748,197.31650124765,0.7055
15024,1272.0243686851,21.2781148629883,709.388530599806,0.9725
15199,36.4380764515437,-8.86908630834738,39.0550500528428,0.914
18163,-140.227571784907,-147.645954966646,556.073003365689,0.472
18380,41.5607469961296,14.7490198980077,50.0690467776693,0.672
18686,130.984982567362,-142.584601261675,277.484124107547,0.9445
18767,3146.23984821549,2841.64907063311,3593.97106243602,0.507
19020,3082.65538699121,385.865106839984,1391.88997874846,0.9885
21172,8875.24845375604,2746.76436826821,4150.05957316247,0.939
21270,-383.319099600531,-116.27289323313,401.17031145817,0.2395
23574,-154.9960189524,18.0342949994131,203.476799776793,0.1915
26797,295.311690872496,-241.906807847003,1471.93939341807,0.605
27022,-13.1575082563815,23.689043072085,143.445950643065,0.3285
28436,-178.924282992949,-16.1640717196548,319.279521455663,0.1815
32514,-8.01887223365114,-15.0376098758938,213.373079694717,0.217
32670,52.7320655087841,-19.1243513883142,86.4196933196166,0.794
38466,-619.869177703498,-26.503439494053,47.4096088247401,0
40568,-1218.03891909142,-1072.99723773811,1420.24355476743,0.4255
41300,411.446606614688,169.782859034306,323.625855767052,0.7545
44415,-48.3242514126221,-7.35556962144573,33.9129669634173,0.1065
