"grcode","prem_2007","actual_to120","err_rule","err_cl","booked_below_proxy","err_band_young_rule","err_band_mid_rule","err_band_mature_rule","err_band_young_cl","err_band_mid_cl","err_band_mature_cl","scored","size_tercile"
620,179659,185421,0.0899984440058545,-0.0845793164071795,TRUE,0.171467580033114,0.169685894784922,-0.276910856605606,-0.107417902831076,0.0288909245305598,-0.276910856605606,TRUE,3
671,12694,9746,0.439985064385947,0.266929212634527,TRUE,0.97344104749611,0.52658602041165,-0.094307986288478,0.544251130452233,0.412325737181955,-0.094307986288478,TRUE,3
965,28029,21513,0.383136686731202,0.173602289758986,FALSE,0.321182468557891,0.744424386456649,-0.215387813485895,0.024343637096988,0.550275846535474,-0.215387813485895,TRUE,3
1538,24130,28661,-0.0871295951025359,-0.111031113433349,FALSE,0.0384776868829803,-0.0790609288175612,-0.217429410619118,0.00699715652830112,-0.126512241508796,-0.217429410619118,TRUE,3
1716,1251,419,-0.179690895694875,-0.244956066602204,FALSE,NA,0.064411086058618,-0.39219038873921,NA,-0.0758253580961058,-0.39219038873921,TRUE,1
1767,370607,401721,-0.12433868357764,-0.155792398905621,TRUE,NA,-0.0959809431890034,-0.190627923354366,NA,-0.140890180054616,-0.190627923354366,TRUE,3
2135,235493,245354,0.222473880771152,0.105553684148854,FALSE,0.47379440547421,0.139448586946272,-0.0092730733035505,0.29395573346425,0.0166862755353222,-0.0092730733035505,TRUE,3
2712,73923,77924,0.093636636753748,-0.0545420308423264,FALSE,0.165079291810226,0.13031870265824,-0.0968379877473279,-0.0648147733415887,-0.0232455405597451,-0.0968379877473279,TRUE,3
3240,22071,15161,0.106155431421003,0.102141431308636,FALSE,NA,0.130857268148584,0.0381810625987552,NA,0.125384583283153,0.0381810625987552,TRUE,3
4839,24911,15351,0.288849220654848,0.209704646054886,FALSE,NA,0.320781609188056,0.202320010257831,NA,0.212429842070958,0.202320010257831,TRUE,3
5185,16846,14895,-0.163745664820114,-0.213008856656134,FALSE,NA,-0.082418384523577,-0.367916814883446,NA,-0.151304531951057,-0.367916814883446,TRUE,3
6408,6868,5684,-0.0308700500685355,-0.0805463452132103,FALSE,NA,-0.0310782493674195,-0.030392217590691,NA,-0.102399305594328,-0.030392217590691,TRUE,2
6459,6220,4143,-0.256862786422037,-0.41508257107487,FALSE,NA,-0.266092965807822,-0.206528116593944,NA,-0.453326489891423,-0.206528116593944,TRUE,2
6947,5715,2810,0.0924995626709965,0.271509740555256,FALSE,NA,1.45338778694794,-0.440666651000654,NA,2.08931522039266,-0.440666651000654,TRUE,2
7080,56275,92742,-0.213808727548582,-0.275142896331329,TRUE,-0.0458692032824121,-0.197663820308273,-0.464034395300317,-0.142417621875316,-0.266597328884327,-0.464034395300317,TRUE,3
10022,2312,1624,0.207868913740852,0.250116636649664,FALSE,0.0263130346641334,0.33346062504671,0.2959441043457,0.132663498030223,0.338048408263988,0.2959441043457,TRUE,2
10308,555,420,1.45730986248913,1.28543831952493,FALSE,NA,0.705391719810772,63.866515704793,NA,0.53144943536507,63.866515704793,TRUE,1
10894,708,443,0.202891503117347,0.17521688349828,FALSE,NA,0.0354695325323171,0.658729473449698,NA,-0.00236953071227184,0.658729473449698,TRUE,1
11118,15154,14022,0.0663869093424547,-0.0272059388423453,FALSE,-0.0819414392974289,0.193128190399157,0.395544917727058,-0.125803271021028,-0.0932933312198775,0.395544917727058,TRUE,3
11126,12043,14028,0.126758554290225,-0.231044682236679,FALSE,0.587896286459115,-0.169892959948974,-0.112011785406849,-0.123631817730801,-0.418339009468876,-0.112011785406849,TRUE,2
12866,6544,6628,0.304498786791299,0.203751519365965,FALSE,0.524061181853438,-0.076486737642272,2.86717151146728,0.519480504323617,-0.24835328961794,2.86717151146728,TRUE,2
13501,5233,3077,-0.0628191013066153,-0.132459703492263,FALSE,NA,0.571524166595978,-0.512248312768974,NA,0.403589893143597,-0.512248312768974,TRUE,2
13528,13467,5888,0.31468836002227,0.105102713124296,FALSE,NA,0.921003977966328,-0.372938159929508,NA,0.526615902243964,-0.372938159929508,TRUE,3
14044,1833,1124,-0.585424158616401,-0.567774456149808,FALSE,NA,-0.25212421224612,-0.7476654023522,NA,-0.1982158818862,-0.7476654023522,TRUE,1
14257,3124,1558,0.547053074665066,0.523768369494325,TRUE,1.24966584915109,-0.101286227698814,1.93465596777762,0.870950603960049,0.0651495576831244,1.93465596777762,TRUE,2
14370,686,307,1.07825380481883,1.03829579413732,FALSE,NA,0.773251439278917,1.62448531401304,NA,0.710981849029057,1.62448531401304,TRUE,1
15024,5448,3593,0.454465037763024,0.430176579914888,FALSE,1.31384029207491,0.174427985463775,0.262947340268921,1.27391718504293,0.146996431273315,0.262947340268921,TRUE,2
15199,243,480,-0.835295683736435,-0.878322288504832,TRUE,NA,-0.827275550027194,-0.851487274432449,NA,-0.891614398279003,-0.851487274432449,TRUE,1
15407,26,12,-0.660828451751071,-0.545454545454545,FALSE,NA,-0.660828451751071,NA,NA,-0.545454545454545,NA,TRUE,1
18163,7008,3744,-0.19243926003259,-0.190498255863954,FALSE,NA,-0.209772329595668,-0.176025573254449,NA,-0.205781599443349,-0.176025573254449,TRUE,2
18380,551,251,-0.421286428555121,-0.520245721079688,FALSE,NA,0.237316137017021,-0.68106855164191,NA,-0.11252586895011,-0.68106855164191,TRUE,1
18686,631,359,-0.152866308473357,-0.282895474337345,FALSE,NA,1.10256285240435,-0.579150090711683,NA,0.589590648611253,-0.579150090711683,TRUE,1
18767,34589,29547,-0.125860545696226,-0.335208572895024,TRUE,0.136276762802185,-0.325634043074534,-0.347848456997018,-0.259212021816368,-0.432216855626061,-0.347848456997018,TRUE,3
19020,6375,7538,0.0386132327347705,-0.40545503158351,FALSE,-0.151797513504648,1.00185813668177,-0.674611021605672,-0.651548499342945,0.444086789637576,-0.674611021605672,TRUE,2
21172,42220,42236,0.19312878182199,-0.0480632315368006,FALSE,0.237567023177635,0.165850226948697,0.11562454005491,-0.110286576860259,-0.0221025179629665,0.11562454005491,TRUE,3
21270,2316,1875,0.0661304328793638,-0.175824348555081,FALSE,0.250740534159957,1.2747303325778,-0.549378589713678,-0.104245924498847,0.6792126802358,-0.549378589713678,TRUE,2
23574,2284,1677,-0.353185562391531,-0.395353894709261,FALSE,NA,-0.40167664049185,-0.124135555255555,NA,-0.45277222813407,-0.124135555255555,TRUE,1
26797,5439,4254,0.350679321272439,0.120783212127988,FALSE,2.16339956607676,0.0511281550098924,-0.318136866195848,1.35450032548501,-0.0910121363710285,-0.318136866195848,TRUE,2
27022,405,524,-0.139693197200963,-0.267265545758857,TRUE,-0.591448680518358,21.1200373145694,0.150057028865316,-0.706772875310096,18.9771394784323,0.150057028865316,TRUE,1
28436,1127,573,0.150596827042722,0.150035453659649,FALSE,NA,0.297354088225989,-0.440294250879382,NA,0.296653288773918,-0.440294250879382,TRUE,1
32514,175,1,0.982608695652172,0.982608695652172,FALSE,NA,NA,0.982608695652172,NA,NA,0.982608695652172,TRUE,1
32670,461,44,1.22212060675448,0.901299276456712,TRUE,NA,6.62157339775843,0.200602511159137,NA,4.60498217874389,0.200602511159137,TRUE,1
38466,458,425,-0.769721152814965,-0.784794857713604,FALSE,NA,-0.550966927915947,-0.841499882859955,NA,-0.611979542981867,-0.841499882859955,TRUE,1
40568,13980,11489,0.142374023400883,0.0966504270409134,FALSE,NA,0.100490422246333,0.231465025856737,NA,0.0332711773864881,0.231465025856737,TRUE,3
41300,3023,2246,-0.00789305515168996,0.0407598702985774,FALSE,NA,0.282810684073582,-0.436264864714922,NA,0.364480691966931,-0.436264864714922,TRUE,2
44130,2642,4712,-0.583550383652313,-0.703235312945328,FALSE,-0.357514010296299,-0.582533479777461,-0.853604787465289,-1,-0.50187621219967,-0.853604787465289,TRUE,2
44415,1198,130,-0.543407402050603,-0.592767597451052,FALSE,NA,-0.162751497747089,-0.678223034824765,NA,-0.351481656631156,-0.678223034824765,TRUE,1
