"ay","prem_net","paid","case_inc","pct_dev","ult_cl_paid","ult_cl_inc","ult_bf_paid","ult_bf_inc","ult_cc","ult_bk","method","ult_sel","ulr_sel","case_os","ibnr","unpaid","rationale"
1998,244974,157992,158353,0.997661543139499,158362.3,158362.3,158374,158362.6,158372.7,158362.4,"CL_INC",158362.3,0.6464,361,9.3,370.3,"z = 99.8% >= 70%: chain ladder territory. Exception: incurred CL instead of paid CL; paid development has been getting heavier and incurred picked it up earlier in the 2004-06 pseudo-historical tests (A/E 1.02-1.09 vs 1.06-1.14)."
1999,231532,158417,159080,0.995306184921418,159164.1,159127.6,159136.4,159125.8,159139.2,159164,"CL_INC",159127.6,0.6873,663,47.6,710.6,"z = 99.5% >= 70%: chain ladder territory. Exception: incurred CL instead of paid CL; paid development has been getting heavier and incurred picked it up earlier in the 2004-06 pseudo-historical tests (A/E 1.02-1.09 vs 1.06-1.14)."
2000,222211,170731,175113,0.98874925002474,172673.7,175836.8,172362.4,175709.9,172392.5,172670.2,"CL_INC",175836.8,0.7913,4382,723.8,5105.8,"z = 98.9% >= 70%: chain ladder territory. Exception: incurred CL instead of paid CL; paid development has been getting heavier and incurred picked it up earlier in the 2004-06 pseudo-historical tests (A/E 1.02-1.09 vs 1.06-1.14)."
2001,233584,149899,150886,0.979375527289637,153055.7,152447.7,153105.7,152478.7,153100.7,153056.7,"CL_INC",152447.7,0.6526,987,1561.7,2548.7,"z = 97.9% >= 70%: chain ladder territory. Exception: incurred CL instead of paid CL; paid development has been getting heavier and incurred picked it up earlier in the 2004-06 pseudo-historical tests (A/E 1.02-1.09 vs 1.06-1.14)."
2002,259321,173788,176776,0.965651593768714,179969.7,180303,179675.2,180128.8,179707.6,179959.6,"CL_INC",180303,0.6953,2988,3527,6515,"z = 96.6% >= 70%: chain ladder territory. Exception: incurred CL instead of paid CL; paid development has been getting heavier and incurred picked it up earlier in the 2004-06 pseudo-historical tests (A/E 1.02-1.09 vs 1.06-1.14). Prior 66.1% vs peer median 52.5% (> 10 points): peer panel is mostly small insurers with different mix; prior kept."
2003,281503,173331,179785,0.937037319214226,184977.7,187117.5,185127.6,187127,185110.2,184987.1,"CL_INC",187117.5,0.6647,6454,7332.5,13786.5,"z = 93.7% >= 70%: chain ladder territory. Exception: incurred CL instead of paid CL; paid development has been getting heavier and incurred picked it up earlier in the 2004-06 pseudo-historical tests (A/E 1.02-1.09 vs 1.06-1.14). Prior 66.6% vs peer median 52.8% (> 10 points): peer panel is mostly small insurers with different mix; prior kept."
2004,301607,159177,168650,0.873287441837363,182273.3,182830.9,184877.2,184381.6,184575.7,182603.3,"CL_INC",182830.9,0.6062,9473,14180.9,23653.9,"z = 87.3% >= 70%: chain ladder territory. Exception: incurred CL instead of paid CL; paid development has been getting heavier and incurred picked it up earlier in the 2004-06 pseudo-historical tests (A/E 1.02-1.09 vs 1.06-1.14). Prior 67.2% vs peer median 46.1% (> 10 points): peer panel is mostly small insurers with different mix; prior kept."
2005,322824,167302,187734,0.7574389017773,220878.5,224556.9,219156.9,222789.8,219342,220460.9,"CL_INC",224556.9,0.6956,20432,36822.9,57254.9,"z = 75.7% >= 70%: chain ladder territory. Exception: incurred CL instead of paid CL; paid development has been getting heavier and incurred picked it up earlier in the 2004-06 pseudo-historical tests (A/E 1.02-1.09 vs 1.06-1.14). Prior 66.2% vs peer median 47.9% (> 10 points): peer panel is mostly small insurers with different mix; prior kept."
2006,354894,126104,154176,0.583868414470661,215980.2,218920.5,225080.7,224518.6,224251.5,219767.2,"BK",219767.2,0.6192,28072,65591.2,93663.2,"z = 58.4% in 30-70%: Benktander blends paid CL and BF by maturity. Prior 67.0% vs peer median 43.9% (> 10 points): peer panel is mostly small insurers with different mix; prior kept."
2007,370607,74744,117887,0.328366861039056,227623.5,227533.1,240876.1,237085.3,240166.9,236524.3,"BK",236524.3,0.6382,43143,118637.3,161780.3,"z = 32.8% in 30-70%: Benktander blends paid CL and BF by maturity. Prior 66.7% vs peer median 43.8% (> 10 points): peer panel is mostly small insurers with different mix; prior kept."
